Timestamp,1. Name ,  2. Gender  ,  3. Age  ,"  4. On average, how many hours do you study per day?  ",  5. How many days per week do you study?  ,  6. Do you follow a fixed study schedule?  ,  7. Where do you usually study?  
9/17/2026 19:06:57,Priti Yadav,Female,19,2-3 hours,3–4 days,Sometimes,At home
9/17/2026 19:36:36,Sapna,Female,18,4-5 hours ,3–4 days,No,Both home and college/library
9/17/2026 19:37:30,Shreeom,Male,20,1-2 hours,5–6 days,Yes,Both home and college/library
9/17/2026 19:38:33,Sangeeta,Female,29,2 hours,1–2 days,No,College/Library
9/17/2026 19:39:28,Shruti,Female,17,3,7 days,Yes,Both home and college/library
9/17/2026 19:40:01,Kunal,Male,25,2,1–2 days,Sometimes,College/Library
9/17/2026 19:40:49,Sumit Gupta ,Male,29,3,7 days,Sometimes,Both home and college/library
9/17/2026 19:41:32,Suraj gupta,Male,21,1,7 days,No,At home
9/17/2026 19:42:08,Akancha,Female,24,2,5–6 days,Sometimes,Other
9/17/2026 20:00:53,vivek,Male,29,3-4,3–4 days,No,Both home and college/library
9/17/2026 20:02:23,Aditya Thakur,Male,25,1-2 hours,5–6 days,No,Other
9/17/2026 20:03:02,sanjay gupta,Male,21,1-2 hours,7 days,Sometimes,Both home and college/library
9/17/2026 20:04:12,shubham jaiswal,Male,23,2-3 hours,1–2 days,No,Both home and college/library
9/17/2026 20:04:52,Aryan Rajput,Male,23,2-3 hours,7 days,Sometimes,Both home and college/library
9/17/2026 20:05:38,sakshi jha,Female,21,2-3 hours,7 days,No,Both home and college/library
9/17/2026 20:06:16,sanjiv navik,Male,26,1-2 hours,7 days,Sometimes,Other
9/17/2026 20:06:54,vishal pandey,Male,26,2-3 hours,7 days,Sometimes,Both home and college/library
9/17/2026 20:07:35,Abhinay ,Male,23,2-3 hours,3–4 days,No,College/Library
9/17/2026 20:08:23,Hariom Singh,Male,23,2-3 hours,3–4 days,No,At home
9/17/2026 20:09:06,Ankit Jaiswal,Male,21,2-3 hours,7 days,Sometimes,Both home and college/library
9/17/2026 20:09:40,khushi pandey,Female,23,2-3 hours,7 days,Sometimes,Both home and college/library
9/17/2026 20:10:10,Ansh Pandey,Male,23,2-3 hours,5–6 days,No,At home
9/17/2026 20:10:52,sumit sen,Male,30,2-3 hours,1–2 days,Sometimes,Other
9/17/2026 20:11:38,Aman jaiswal,Male,23,2-3 hours,7 days,No,Both home and college/library
9/17/2026 20:12:14,sahil gupta,Male,24,3-4 hours,5–6 days,No,College/Library
9/17/2026 20:13:01,shubham kashyap,Male,27,2-3 hours,5–6 days,No,Both home and college/library
9/17/2026 20:13:46,rajesh kashyap,Male,25,2-3 hours,3–4 days,No,Other
9/17/2026 20:14:20,Rahul Gupta,Male,28,2-3 hours,7 days,Sometimes,Other
9/17/2026 20:16:30,santoshi,Female,20,2-3 hours,5–6 days,No,At home
9/17/2026 20:16:55,Om,Male,23,2-3 hours,5–6 days,Sometimes,Other
9/17/2026 20:17:19,Anjali ,Female,29,2-3 hours,3–4 days,No,Other
9/17/2026 20:17:43,komal yadav,Female,25,2-3 hours,5–6 days,No,College/Library
9/17/2026 20:18:10,Deepak ,Male,25,2-3 hours,1–2 days,No,Other
9/17/2026 20:18:36,krishna yadav,Male,24,1-2 hours,3–4 days,No,Both home and college/library
9/17/2026 20:19:23,Kartik,Male,20,1-2 hours,7 days,Sometimes,Other
9/17/2026 20:20:35,Dhriti,Female,23,1-2 hours,7 days,Sometimes,Other
9/17/2026 20:21:12,Pushpa ,Female,27,1-2 hours,5–6 days,Sometimes,Other
9/17/2026 20:21:46,Jyoti Tiwari,Female,23,1-2 hours,7 days,No,Both home and college/library
9/17/2026 20:22:18,Krish Vishwakarma,Male,19,1-2 hours,5–6 days,No,Both home and college/library
9/17/2026 20:22:39,Riddhi Yadav,Female,23,1-2 hours,7 days,No,College/Library
9/17/2026 20:23:04,Bhagyashree Suthar,Female,20,1-2 hours,3–4 days,Sometimes,College/Library
9/17/2026 20:23:58,Chunmun Sahu,Female,23,1-2 hours,3–4 days,Sometimes,At home
9/17/2026 20:24:34,Neha Kulkarni,Female,21,2-3 hours,3–4 days,No,Both home and college/library
9/17/2026 20:25:00,Harshita Shetty,Female,21,1-2 hours,5–6 days,Yes,Other
9/17/2026 20:26:00,Tyyaba siddhiqui,Female,23,1-2 hours,1–2 days,Sometimes,Both home and college/library
9/17/2026 20:26:27,Dhanvi Trivedi,Female,23,1-2 hours,3–4 days,No,College/Library
9/17/2026 20:26:49,khushboo singh,Female,23,1-2 hours,1–2 days,Yes,College/Library
9/17/2026 20:27:26,varchaswi singh,Female,24,1-2 hours,5–6 days,No,Both home and college/library
9/17/2026 20:27:55,Utkarsh Pandey,Male,23,1-2 hours,7 days,Yes,College/Library
9/18/2026 22:17:28,Radhika ,Female,19,2 hours,5–6 days,Sometimes,Both home and college/library
9/21/2026 12:04:33,Asmitha ,Female,21,6,5–6 days,Sometimes,Both home and college/library
9/21/2026 22:40:21,Afsha Mujawar,Female,20,6,3–4 days,No,At home
10/3/2026 8:36:07,dharna,Female,19,4 hours,5–6 days,Sometimes,Both home and college/library
10/3/2026 8:36:38,khushi patel,Female,18,1 hours,5–6 days,Sometimes,College/Library
10/3/2026 8:37:20,raj prajapati,Male,20,4 hours,3–4 days,No,At home
10/3/2026 8:37:55,subhashree jena,Female,21,1-2 hours,3–4 days,No,Both home and college/library
10/3/2026 8:38:21,ishita patel,Female,19,1-2 hours,5–6 days,No,Both home and college/library
10/3/2026 8:38:46,nidhi yadav,Female,21,1-2 hours,5–6 days,No,Both home and college/library
10/3/2026 8:39:41,nandini chaudhary,Female,19,1-2 hours,5–6 days,No,College/Library
10/3/2026 8:40:12,divyanjali,Female,19,2-3 hours,5–6 days,No,Both home and college/library
10/3/2026 8:44:27,Aashu,Female,19,2-3 hours,3–4 days,No,Both home and college/library
10/3/2026 8:45:06,Chetana ,Female,22,2-3 hours,5–6 days,No,Both home and college/library
10/3/2026 8:45:31,lavkush,Male,22,2-3 hours,5–6 days,No,College/Library
10/3/2026 8:46:10,Hanoch,Male,21,2-3 hours,3–4 days,No,Both home and college/library
10/3/2026 8:46:44,Ritesh,Male,19,2-3 hours,3–4 days,No,Both home and college/library